Start X,Step Size,Minimum,Value
"(10, 20)",0.001,[1.35065 2.70129],9.12
"(-25, -50)",0.005,[-0.00108 -0.00216],0.0
"(-7, 9)",0.01,[-0.  0.],0.0
"(50, 100)",0.01,[0. 0.],0.0
"(10, -20)",0.03,[ 0. -0.],0.0
"(-10, 5)",0.05,[-0.  0.],0.0
"(-10, -100)",0.1,[-0. -0.],0.0
"(47, 20)",0.5,[0. 0.],0.0
"(20, 20)",0.8,[0. 0.],0.0
"(-4, 4)",1,[-4.  4.],32.0
